,synthaud_originalaud,synthcontrol_originalcontrol,synthaud_originalcontrol,synthcontrol_originalaud
0,0.04687611899624229,0.022544301774822723,0.019084887410004622,0.050603767657295476
1,0.12150025930790609,0.18522260145046326,0.04583998579696501,0.2544904169870721
2,0.034010242312448216,0.31290237039129365,0.1336433459510104,0.07068826558109113
3,0.06587425625755992,0.3973647627876216,0.010281558780165623,0.6013425376305039
4,0.06494502575949973,0.024836132813412015,0.049383540745014484,0.11467278539981574
5,0.11268121531899963,0.08469772052732255,0.06976332320470537,0.10495619429863162
6,0.013764678097585664,0.07234854069964483,0.02644179723674829,0.18540691078628502
7,0.07465174324009818,0.028044267336151146,0.2075024799392965,0.35670085593359724
