,synthaud_originalaud,synthcontrol_originalcontrol,synthaud_originalcontrol,synthcontrol_originalaud
0,0.09073367277308267,0.01871114289153679,0.0032256543726506817,0.1350759782487582
1,0.08611478682742998,0.05114620258740282,0.03524037593682927,0.010405092015196182
2,0.15086037427027102,0.12475849138223188,0.021205811378211953,0.7203198878748437
3,0.05360391168922195,0.06912381848528455,0.042629939270497595,0.0371381252965548
4,0.09691320616802013,0.12028511624934302,0.01903060475014115,0.26317503436160955
5,0.10264953216244288,0.036026375674977934,0.3584357497789086,0.20750052040102515
6,0.0041093501346777415,0.16702526982234095,0.029585625409019767,0.0761545324393918
7,0.4022828759936365,0.046526973866212754,0.038596737123680835,0.08551868532783927
