,synthaud_originalaud,synthcontrol_originalcontrol,synthaud_originalcontrol,synthcontrol_originalaud
0,0.046793596677084826,0.08216089933412267,0.023014164405864526,0.019374326019932803
1,0.2858960442666246,0.03113360210015942,0.16733446285920173,0.00712832210351896
2,0.3015077559023386,0.023250219568615407,0.01637443941228189,0.2945325720684903
3,0.32071601783490983,0.04940599346425988,0.21526061433189542,0.09056207349569645
4,0.0943345160588837,0.06543702694204273,0.0711792402788054,0.09978109141362987
5,0.015228830839305296,0.07075094296138701,0.1146374214541937,0.10979349452298978
6,0.08110778140406097,0.06986613067308034,0.02514631480684621,0.20947608100823623
7,0.32553796295125037,0.09622880342975036,0.016822215982575564,0.024867301521094093
