,synthaud_originalaud,synthcontrol_originalcontrol,synthaud_originalcontrol,synthcontrol_originalaud
0,0.028440380651766448,0.033321936309343644,0.035055427469216485,0.042051205282548146
1,0.25072630675699414,0.022902034557932514,0.1634411746063661,0.047753580249803224
2,0.043188267808127526,0.751853067189783,0.4336393041117789,0.20593245700457397
3,0.07337779133836475,0.3770760436497615,0.00180758543211707,0.5621042552145503
4,0.000580100998647276,0.05982816903781224,0.08919710245429918,0.16356815465300406
5,0.36764967305861385,0.04375084288936299,0.13924782645729641,0.1221443013261842
6,0.04722701651476097,0.20474014975669094,0.13595894434917272,0.4006026215402184
7,0.1920866452220597,0.025551774904346056,0.4639305120340469,0.3568053257157025
