,synthaud_originalaud,synthaud_originalcontrol
0,0.037368539782943425,0.026025594771689683
1,0.3550614519499808,0.21530583754387905
2,0.079039171914219,0.056296165825457406
3,0.1005206404658707,0.05626457277170779
4,0.057315806390705146,0.008217116875128876
5,0.016622504098785934,0.11643449975922587
6,0.04366204747648811,0.0038260725787713622
7,0.1355162522676972,0.04957765645365492
